{"cameraMode":{"drawMode":2,"name":"Shaded Wireframe","section":"Shading Mode"},"sceneLighting":false,"audioPlay":false,"sceneViewState":{"showFog":false,"showMaterialUpdate":false,"showSkybox":false,"showFlares":false,"showImageEffects":false,"showParticleSystems":false},"in2DMode":false,"pivot":{"x":-0.24000000953674317,"y":1.6799999475479127,"z":8.170000076293946},"rotation":{"x":0.1219577044248581,"y":-0.12883888185024262,"z":0.015971213579177858,"w":0.9840208888053894},"size":4.7234625816345219,"orthographic":false}