{"cameraMode":{"drawMode":2,"name":"Shaded Wireframe","section":"Shading Mode"},"sceneLighting":false,"audioPlay":false,"sceneViewState":{"showFog":false,"showMaterialUpdate":false,"showSkybox":false,"showFlares":false,"showImageEffects":false,"showParticleSystems":false},"in2DMode":false,"pivot":{"x":0.1442587971687317,"y":1.3824999332427979,"z":-0.33555176854133608},"rotation":{"x":0.19885516166687013,"y":-0.07050862908363342,"z":0.014282174408435822,"w":0.9774547815322876},"size":1.7702980041503907,"orthographic":false}